<?xml version="1.0" encoding="utf-8"?>
<extension type="component" version="3.1" method="upgrade">
	<name>xbpeople</name>
	<creationDate>14th November 2022</creationDate>
	<version>0.9.10.3</version>
	<author>Roger C-O</author>
	<authorEmail>roger@crosborne.uk</authorEmail>
	<authorUrl>www.crosborne.uk</authorUrl>
	<copyright>(c) Roger Creagh-Osborne, 2021. All rights reserved.</copyright>
	<license>http://www.gnu.org/licenses/gpl-3.0.html GNU/GPL</license>
	<description>XBPEOPLE_XML_DESCRIPTION</description>

	<scriptfile>script.xbpeople.php</scriptfile>

	<files folder="site">
	    <filename>index.html</filename>
	    <filename>xbpeople.php</filename>
	    <filename>controller.php</filename>
	    <filename>router.php</filename>
	    <folder>controllers</folder>
	    <folder>helpers</folder>
	    <folder>layouts</folder>
	    <folder>models</folder>
	    <folder>views</folder>
	</files>

	<languages folder="site/language">
		<language tag="en-GB">en-GB/en-GB.com_xbpeople.ini</language>
	</languages>

	<media destination="com_xbpeople" folder="media">
		<filename>index.html</filename>
		<folder>css</folder>
		<folder>js</folder>
		<folder>images</folder>
	</media>

	<install>
		<sql>
			<file charset="utf8" driver="mysql">sql/install.mysql.utf8.sql</file>
		</sql>
	</install>
	<uninstall>
		<sql>
			<file charset="utf8" driver="mysql">sql/uninstall.mysql.utf8.sql</file>
		</sql>
	</uninstall>
	<update>
		<schemas>
			<schemapath type="mysql">sql/updates/mysql</schemapath>
		</schemas>
	</update>
	<administration>
		<files folder="admin">
			<filename>access.xml</filename>
			<filename>config.xml</filename>
			<filename>controller.php</filename>
			<filename>index.html</filename>
			<filename>xbpeople.php</filename>
			<folder>controllers</folder>
			<folder>helpers</folder>
			<folder>models</folder>
			<folder>sql</folder>
			<folder>tables</folder>
			<folder>views</folder>
		</files>

		<languages folder="admin/language">
			<language tag="en-GB">en-GB/en-GB.com_xbpeople.ini</language>
			<language tag="en-GB">en-GB/en-GB.com_xbculture.ini</language>
			<language tag="en-GB">en-GB/en-GB.com_xbpeople.sys.ini</language>
		</languages>
		
		<menu img="class:xbpeople" link="option=com_xbpeople">xbPeople</menu>
		<submenu>
			<menu link="option=com_xbpeople"
				img="class:xbpeople-dashboard"
				>
					xbculture_iconmenu_dashboard
			</menu>
			<menu link="option=com_xbpeople&amp;view=persons" 
				img="class:xbpeople-persons"
				>
					xbculture_iconmenu_people					
			</menu>
			<menu link="option=com_xbpeople&amp;view=characters" 
				img="class:xbpeople-characters"
				>
					xbculture_iconmenu_characters
			</menu>
			<menu link="option=com_xbpeople&amp;view=categories" 
				img="class:xbpeople-categories"
				>
					xbculture_iconmenu_categories					
			</menu>
			<menu link="option=com_xbpeople&amp;view=tags" 
				img="class:xbpeople-tags"
				>
					xbculture_iconmenu_tags					
			</menu>
		</submenu>
	</administration>

	<updateservers>
		<server type="extension" priority="1" name="xbPeople Updates">
			http://www.crosborne.uk/jupdates/update_xbpeople.xml
		</server>
	 </updateservers>

</extension>
