<?xml version="1.0" encoding="utf-8"?>
<extension type="component" version="3.1" method="upgrade">
	<name>xbpeople</name>
	<creationDate>4th May 2021</creationDate>
	<version>0.9.4.2</version>
	<author>Roger C-O</author>
	<authorEmail>roger@crosborne.uk</authorEmail>
	<authorUrl>www.crosborne.uk</authorUrl>
	<copyright>(c) Roger Creagh-Osborne, 2021. All rights reserved.</copyright>
	<license>http://www.gnu.org/licenses/gpl-3.0.html GNU/GPL</license>
	<description>COM_XBPEOPLE_XML_DESCRIPTION</description>

	<scriptfile>script.xbpeople.php</scriptfile>

	<media destination="com_xbpeople" folder="media">
		<filename>index.html</filename>
		<folder>css</folder>
		<folder>images</folder>
	</media>

	<install>
		<sql>
			<file charset="utf8" driver="mysql">sql/install.mysql.utf8.sql</file>
		</sql>
	</install>
	<uninstall>
		<sql>
			<file charset="utf8" driver="mysql">sql/uninstall.mysql.utf8.sql</file>
		</sql>
	</uninstall>
	<update>
		<schemas>
			<schemapath type="mysql">sql/updates/mysql</schemapath>
		</schemas>
	</update>
	<administration>
		<files folder="admin">
			<filename>access.xml</filename>
			<filename>config.xml</filename>
			<filename>controller.php</filename>
			<filename>index.html</filename>
			<filename>xbpeople.php</filename>
			<folder>controllers</folder>
			<folder>helpers</folder>
			<folder>models</folder>
			<folder>sql</folder>
			<folder>tables</folder>
			<folder>views</folder>
		</files>

		<languages folder="admin/language">
			<language tag="en-GB">en-GB/en-GB.com_xbpeople.ini</language>
			<language tag="en-GB">en-GB/en-GB.com_xbculture.ini</language>
			<language tag="en-GB">en-GB/en-GB.com_xbpeople.sys.ini</language>
		</languages>
		
		<menu img="class:xbpeople"
			link="option=com_xbpeople"
			view="cpanel">xbPeople</menu>
		<submenu>
			<menu link="option=com_xbpeople"
				view="cpanel" img="class:xbpeople-cpanel"
				alt="Xbpeople/Cpanel">
					xbculture_control_panel
			</menu>
			<menu link="option=com_xbpeople&amp;view=persons" 
				view="persons" img="class:xbpeople-persons"
				alt="Xbpeople/Persons">
					xbculture_people					
			</menu>
			<menu link="option=com_xbpeople&amp;view=characters" 
				view="characters" img="class:xbpeople-characters" 
				alt="Xbpeople/Characters">
					xbculture_characters
			</menu>
			<menu link="option=com_xbpeople&amp;view=categories" 
				view="persons" img="class:xbpeople-categories"
				alt="Xbpeople/Categories">
					xbculture_categories					
			</menu>
			<menu link="option=com_xbpeople&amp;view=tags" 
				view="tags" img="class:xbpeople-tags"
				alt="Xbpeople/Tags">
					xbculture_tags					
			</menu>
		</submenu>
	</administration>

	<updateservers>
		<server type="extension" priority="1" name="xbPeople Updates">
			http://www.crosborne.uk/jupdates/update_xbpeople.xml
		</server>
	 </updateservers>

</extension>
